run,evaluated_total,missing_predictions,coarse_acc,visibility_acc,needs_review_acc,tag_jaccard,description_present,generic_description_rate,draft_tag_score,draft_description_relevance,draft_visual_evidence_score,draft_hallucination_score,draft_usefulness_score,draft_class_text_consistency
qwen_stage3_clean,58,0,0.46551724137931033,0.8448275862068966,0.8793103448275862,0.182183908045977,1.0,0.05172413793103448,0.6379310344827587,1.4482758620689655,0.6379310344827587,0.9827586206896551,1.4482758620689655,1.4137931034482758
qwen_stage4_context_pad030_matched,58,0,0.39655172413793105,0.7931034482758621,0.8448275862068966,0.1442528735632184,1.0,0.017241379310344827,0.4827586206896552,1.396551724137931,0.4827586206896552,0.896551724137931,1.396551724137931,1.3793103448275863
hybrid_dinov2_qwen_champion_matched,58,0,0.5862068965517241,0.7931034482758621,0.8448275862068966,0.1442528735632184,1.0,0.017241379310344827,0.4827586206896552,1.5862068965517242,0.4827586206896552,0.9655172413793104,1.5862068965517242,1.2758620689655173
internvl3_2b_base,58,0,0.5517241379310345,0.7931034482758621,0.8448275862068966,0.03304597701149425,1.0,0.25862068965517243,0.08620689655172414,1.4827586206896552,0.08620689655172414,0.5344827586206896,1.4827586206896552,0.7931034482758621
