prompt_version,coarse_acc,coarse_macro_f1,visibility_acc,visibility_macro_f1,needs_review_acc,tag_mean_jaccard,pred_ambiguous_rate,gt_ambiguous_rate,abs_ambiguous_gap
qwen_vlm_labels_v1_prompt_v6d_balanced_notaglock,0.9827586206896551,0.5814407814407814,0.8448275862068966,0.4935064935064935,0.896551724137931,0.3395730706075532,0.08620689655172414,0.15517241379310345,0.06896551724137931
qwen_vlm_labels_v1_prompt_v6f_balanced_notaglock_soft_ambiguous_raise,0.9827586206896551,0.5814407814407814,0.8275862068965517,0.45384615384615384,0.8793103448275862,0.3389162561576354,0.06896551724137931,0.15517241379310345,0.08620689655172414
