method,accuracy,macro_f1_3class,macro_f1_with_unknown,ok_recall,flashover_recall,broken_recall
clip_zero_shot,0.3103448275862069,0.2858024691358025,0.17148148148148148,0.34375,0.2,0.5
clip_linear_probe,0.4482758620689655,0.3148148148148148,0.18888888888888888,0.375,0.7,0.0
clip_linear_probe_unknown_threshold_045,0.20689655172413793,0.17391304347826086,0.10434782608695652,0.0,0.6,0.0
